epoch,learning_rate,loss,mae,mse,rmse,val_loss,val_mae,val_mse,val_rmse
0,0.0010000000474974513,69.92176055908203,6.018396854400635,69.22264862060547,8.320014953613281,68.50211334228516,5.931899070739746,67.81035614013672,8.23470401763916
