epoch,directional_error_deg,learning_rate,loss,mae,rmse,val_directional_error_deg,val_loss,val_mae,val_rmse
0,62.07925796508789,0.0010000000474974513,43.45964050292969,6.907597541809082,9.155734062194824,61.16984176635742,41.673187255859375,6.75495719909668,9.035024642944336
1,61.32529067993164,0.0010000000474974513,41.12174987792969,6.770944118499756,9.059529304504395,60.34835433959961,40.4448356628418,6.8112006187438965,9.111403465270996
2,60.831085205078125,0.0010000000474974513,40.441864013671875,6.704874515533447,8.998464584350586,60.2570686340332,40.94732666015625,6.373319149017334,8.710348129272461
3,60.44355010986328,0.0010000000474974513,40.08522415161133,6.662435531616211,8.956353187561035,59.770294189453125,40.329124450683594,6.453017711639404,8.799298286437988
